Street Address,City,State,Zip,Phone
217 Summit Boulevard,"Birmingham,",AL,35243,(205)-909-2570
320 The Bridge Street,"Huntsville,",AL,35806,(256)-327-8800
320 West 5th Avenue,"Anchorage,",AK,99501,(907)-257-1900
3111 W Chandler Boulevard,"Chandler,",AZ,85226,(480)-636-3900
2218 E. Williams Field Road,"Gilbert,",AZ,85295,(480)-366-8477
7700 West Arrowhead Towne Ctr,"Glendale,",AZ,85308,(623)-707-2860
7014 East Camelback Road,"Scottsdale,",AZ,85251,(602)-606-1470
15169 North Scottsdale Road,"Scottsdale,",AZ,85254,(480)-627-5501
2905 East Skyline Drive,"Tucson,",AZ,85718,(520)-209-7440
17711 Chenal Parkway,Little Rock,AR,72223,(501)-821-5130
2701 Ming Avenue,"Bakersfield,",CA,93304,(661)-396-3480
1823 4th Street,"Berkeley,",CA,94710,(510)-898-3341
1016C Brea Mall,"Brea,",CA,92821,(714)-989-5550
1301 Burlingame Avenue,"Burlingame,",CA,94010,(650)-645-8930
6600 Topanga Canyon Boulevard,Canoga Park,CA,91303,(818)-577-1800
1923 Calle Barcelona,"Carlsbad,",CA,92009,(760)-697-9800
242 Los Cerritos Center,"Cerritos,",CA,90703,(562)-356-1555
2015 Birch Road,Chula Vista,CA,91915,(619)-205-6400
1520 Redwood Highway,Corte Madera,CA,94925,(415)-413-9120
3333 Bear Street,Costa Mesa,CA,92626,(714)-424-6331
10600 North Tantau Avenue,"Cupertino,",CA,95014,(408)-961-1560
One Infinite Loop,"Cupertino,",CA,95014,(408)-606-5775
5640 Bay Street,"Emeryville,",CA,94608,(510)-350-2400
272 E Via Rancho Parkway,"Escondido,",CA,92025,(760)-317-2484
645 E. Shaw Avenue,"Fresno,",CA,93710,(559)-244-3400
2126 Glendale Galleria,"Glendale,",CA,91210,(818)-502-8310
877 Americana Way,"Glendale,",CA,91210,(818)-254-1070
930 Spectrum Center Drive,"Irvine,",CA,92618,(949)-255-1500
8500 Beverly Boulevard,Los Angeles,CA,90048,(424)-239-3880
10250 Santa Monica Boulevard,Los Angeles,CA,90067,(424)-204-4290
189 The Grove Drive,Los Angeles,CA,90036,(323)-617-9800
23 N. Santa Cruz Avenue,Los Gatos,CA,95030,(408)-399-3880
3200 Sepulveda Boulevard,Manhattan Beach,CA,90266,(310)-421-3720
936C Shops at Mission Viejo,Mission Viejo,CA,92691,(949)-325-6426
3401 Dale Road,"Modesto,",CA,95356,(209)-342-1500
240 Del Monte Center,"Monterey,",CA,93940,(831)-647-4480
1113 Newport Center Drive,Newport Beach,CA,92660,(949)-629-9717
9301 Tampa Avenue,"Northridge,",CA,91324,(818)-477-9010
73445 El Paseo,Palm Desert,CA,92260,(760)-862-9710
340 University Avenue,Palo Alto,CA,94301,(650)-798-2800
379 Stanford Shopping Center,Palo Alto,CA,94304,(650)-798-6180
54 West Colorado Boulevard,"Pasadena,",CA,91105,(626)-463-6223
One Stoneridge Mall,"Pleasanton,",CA,94588,(925)-398-1962
12461 South Main Street,Rancho Cucamonga,CA,91739,(909)-803-5220
1151 Galleria Boulevard,"Roseville,",CA,95678,(916)-872-2506
1689 Arden Way,"Sacramento,",CA,95815,(916)-830-5610
7007 Friars Road,San Diego,CA,92108,(619)-682-3477
4305 La Jolla Village Drive,San Diego,CA,92122,(858)-795-6870
2125 Chestnut Street,San Francisco,CA,94123,(415)-848-4445
3251 20th Avenue,San Francisco,CA,94132,(415)-571-2780
300 Post Street,San Francisco,CA,94108,(415)-486-4800
925 Blossom Hill Road,San Jose,CA,95123,(408)-960-0110
899 Higuera Street,San Luis Obispo,CA,93401,(805)-542-8800
60 31st Avenue Suite K03,San Mateo,CA,94403,(650)-645-4800
928 State Street,Santa Barbara,CA,93101,(805)-560-1500
2855 Stevens Creek Boulevard,Santa Clara,CA,95050,(408)-551-2150
1415 Third Street Promenade,Santa Monica,CA,90401,(310)-633-2670
1071 Santa Rosa Plaza,Santa Rosa,CA,95401,(707)-508-3500
14006 Riverside Drive,Sherman Oaks,CA,91423,(818)-464-3080
40764 Winchester Road,"Temecula,",CA,92591,(951)-326-2400
432 West Hillcrest Drive,Thousand Oaks,CA,91360,(805)-277-5040
24201 West Valencia Boulevard,"Valencia,",CA,91355,(661)-678-1490
1200 S. Main Street,Walnut Creek,CA,94596,(925)-949-5463
1755 29th Street,"Boulder,",CO,80301,(720)-479-9451
One West Flatiron Crossing Dr,"Broomfield,",CO,80021,(720)-479-0465
1685 Briargate Parkway Suite 315,Colorado Springs,CO,80920,(719)-522-4460
3000 E 1st Avenue,"Denver,",CO,80206,(303)-583-7310
7301 S Santa Fe Drive,"Littleton,",CO,80120,(303)-256-2580
8405 Park Meadows Center Drive,Lone Tree,CO,80124,(303)-256-1501
Seven Backus Avenue,"Danbury,",CT,06810,(203)-546-6340
500 Westfarms Mall,"Farmington,",CT,06032,(860)-221-0800
356 Greenwich Avenue,"Greenwich,",CT,06830,(203)-302-6691
65 Broadway,New Haven,CT,06511,(203)-498-8950
100 N. Water Street,"Norwalk,",CT,06854,(203)-658-1801
401 Evergreen Walk,South Windsor,CT,06074,(860)-512-2070
5065 Main Street,"Trumbull,",CT,06611,(203)-666-3928
125 Christiana Mall,"Newark,",DE,19702,(302)-533-3514
801 K Street NW,"Washington,",DC,20001,(202)-609-6400
1229 Wisconsin Avenue NW,"Washington,",DC,20007,(202)-572-1460
451 E Altamonte Drive,Altamonte Springs,FL,32701,(407)-551-0404
19501 Biscayne Boulevard,"Aventura,",FL,33180,(305)-914-9826
6000 Glades Road,Boca Raton,FL,33431,(561)-226-0270
459 Brandon Town Center Drive,"Brandon,",FL,33511,(813)-413-3400
23151 Fashion Drive,"Estero,",FL,33928,(239)-949-8860
2388 E. Sunrise Boulevard,Fort Lauderdale,FL,33304,(954)-331-4501
4835 River City Drive,"Jacksonville,",FL,32246,(904)-380-3080
1021 Lincoln Road,Miami Beach,FL,33139,(305)-421-0400
701 S. Miami Avenue,"Miami,",FL,33130,(786)-843-4350
7535 Dadeland Mall,"Miami,",FL,33156,(305)-341-9812
8888 SW 136th Street,"Miami,",FL,33176,(305)-234-4565
5555 Tamiami Trail North,"Naples,",FL,34108,(239)-254-4240
8001 S. Orange Blossom Trail,"Orlando,",FL,32809,(407)-563-1020
4200 Conroy Road,"Orlando,",FL,32839,(407)-352-5551
3101 PGA Boulevard,Palm Beach Gardens,FL,33410,(561)-273-2160
140 University Town Center Dr,"Sarasota,",FL,34243,(941)-358-4600
2223 N West Shore Boulevard,"Tampa,",FL,33607,(813)-393-4720
10300 W. Forest Hill Boulevard,"Wellington,",FL,33414,(561)-273-2940
8130 Avalon Boulevard,"Alpharetta,",GA,30009,(770)-510-1670
2860 Cumberland Mall Suite 1153,"Atlanta,",GA,30339,(678)-402-0725
3393 Peachtree Road NE,"Atlanta,",GA,30326,(404)-926-3085
4400 Ashford Dunwoody Road,"Atlanta,",GA,30346,(678)-459-9800
3450 Wrightsboro Road,"Augusta,",GA,30909,(706)-731-1800
3333 Buford Drive,"Buford,",GA,30519,(678)-288-3400
1450 Ala Moana Boulevard,"Honolulu,",HI,96814,(808)-983-7650
4211 Waialae Avenue,"Honolulu,",HI,96816,(808)-738-4400
2301 Kalakaua Avenue,"Honolulu,",HI,96815,(808)-931-2480
350 North Milwaukee Street #1083,"Boise,",ID,83704,(208)-377-6500
801 W. North Avenue,"Chicago,",IL,60642,(312)-777-4200
401 North Michigan Avenue,"Chicago,",IL,60611,(312)-529-9500
20530 N. Rand Road,Deer Park,IL,60010,(847)-847-0400
120 West Jefferson Avenue,"Naperville,",IL,60540,(630)-536-5400
1056 Northbrook Court,"Northbrook,",IL,60062,(847)-205-2020
70 Oakbrook Center,Oak Brook,IL,60523,(630)-481-3470
288 Orland Square Drive,Orland Park,IL,60462,(708)-645-5401
N311 Woodfield Mall,"Schaumburg,",IL,60173,(630)-237-2160
4999 Old Orchard Center,"Skokie,",IL,60077,(847)-983-9230
8702 Keystone Crossing,"Indianapolis,",IN,46240,(317)-814-3740
6501 North Grape Road,"Mishawaka,",IN,46545,(574)-277-9500
101 Jordan Creek Parkway,West Des Moines,IA,50266,(515)-440-9900
4529 West 119th Street,"Leawood,",KS,66209,(913)-234-9800
3401 Nicholasville Road,"Lexington,",KY,40503,(859)-971-5400
7900 Shelbyville Road,"Louisville,",KY,40222,(502)-326-2840
6401 Bluebonnet Boulevard,Baton Rouge,LA,70836,(225)-765-3500
3301 Veterans Memorial Blvd,"Metairie,",LA,70002,(504)-830-1400
364 Maine Mall Road,South Portland,ME,04106,(207)-771-9400
1735 Annapolis Mall,"Annapolis,",MD,21401,(410)-972-3290
4860 Bethesda Avenue,"Bethesda,",MD,20814,(301)-634-0880
7101 Democracy Boulevard,"Bethesda,",MD,20817,(301)-634-9930
10300 Little Patuxent Parkway,"Columbia,",MD,21044,(410)-423-1801
825 Dulaney Valley Road,"Towson,",MD,21204,(410)-427-0360
815 Boylston Street,"Boston,",MA,02116,(617)-385-9400
250 Granite Street,"Braintree,",MA,02184,(781)-817-1270
75 Middlesex Turnpike,"Burlington,",MA,01803,(781)-653-0970
100 CambridgeSide Place,"Cambridge,",MA,02141,(617)-528-7970
199 Boylston Street,Chestnut Hill,MA,02467,(617)-454-9940
508 Legacy Place,"Dedham,",MA,02026,(781)-471-3800
94 Derby Street Suite #271,"Hingham,",MA,02043,(781)-556-0400
50 Holyoke Street,"Holyoke,",MA,01040,(413)-493-3878
1220 Market Street,"Lynnfield,",MA,01940,(978)-326-0970
601 Donald Lynch Boulevard,"Marlborough,",MA,01752,(978)-838-5000
1245 Worcester Street,"Natick,",MA,01760,(508)-903-2800
100 Briarwood Circle,Ann Arbor,MI,48108,(734)-780-2471
17360 Hall Road,Clinton Township,MI,48038,(586)-840-0500
3195 28th Street,Grand Rapids,MI,49512,(616)-956-1420
3025 Preyde Boulevard,"Lansing,",MI,48912,(517)-374-4920
27500 Novi Road,"Novi,",MI,48377,(248)-675-0320
2800 W Big Beaver Road,"Troy,",MI,48084,(248)-822-0081
114 West Market,"Bloomington,",MN,55425,(952)-229-5630
1560 Southdale Center,"Edina,",MN,55435,(952)-656-0140
3018 Hennepin Avenue,"Minneapolis,",MN,55408,(952)-229-1460
12531 Wayzata Boulevard,"Minnetonka,",MN,55305,(952)-486-4861
1595 Highway 36 W Space 500,"Roseville,",MN,55113,(763)-656-5010
1000 Highland Colony Parkway,"Ridgeland,",MS,39157,(601)-607-4521
227 Nichols Road,Kansas City,MO,64112,(816)-448-9200
2440 Saint Louis Galleria,St. Louis,MO,63117,(314)-290-0400
131 West County Center,St. Louis,MO,63131,(314)-288-1830
17170 Davenport Street,"Omaha,",NE,68118,(402)-970-4477
3200 Las Vegas Boulevard South,Las Vegas,NV,89109,(702)-577-9740
1985 Festival Plaza Drive,Las Vegas,NV,89135,(702)-677-3940
3500 Las Vegas Blvd South Caesars Palace,Las Vegas,NV,89109,(702)-684-8800
6671 Las Vegas Boulevard South,Las Vegas,NV,89119,(702)-221-8826
13945 South Virginia Street,"Reno,",NV,89511,(775)-333-5460
1500 S Willow Street,"Manchester,",NH,03103,(603)-391-0180
310 Daniel Webster Highway,"Nashua,",NH,03060,(603)-521-3400
99 Rockingham Park Boulevard,"Salem,",NH,03079,(603)-328-3140
400 Commons Way,"Bridgewater,",NJ,08807,(908)-547-3800
2000 Route 38,Cherry Hill,NJ,08002,(856)-792-9480
55 Parsonage Road,"Edison,",NJ,08837,(732)-623-7700
3710 Route 9 South,"Freehold,",NJ,07728,(732)-358-8426
150 Quaker Bridge Mall,Lawrence Township,NJ,08648,(609)-606-9030
500 Route 73 South,"Marlton,",NJ,08053,(856)-355-4940
1 Garden State Plaza,"Paramus,",NJ,07652,(201)-975-9500
301 Mt. Hope Avenue,"Rockaway,",NJ,07866,(973)-384-9220
1200 Morris Turnpike,Short Hills,NJ,07078,(973)-564-5813
1400 Willowbrook Mall,"Wayne,",NJ,07470,(973)-339-2800
441 Chestnut Ridge Road,Woodcliff Lake,NJ,07677,(201)-474-4180
2240 Q Street NE,"Albuquerque,",NM,87110,(505)-837-6480
1 Crossgates Mall Road,"Albany,",NY,12203,(518)-389-0140
123 Flatbush Avenue,"Brooklyn,",NY,11217-1483,(718)-637-6200
247 Bedford Avenue,"Brooklyn,",NY,11211,(929)-397-2740
G116 Walden Galleria,"Buffalo,",NY,14225,(716)-706-2000
90-15 Queens Boulevard,"Elmhurst,",NY,11373,(718)-489-1540
630 Old Country Road,Garden City,NY,11530,(516)-739-8540
160 Walt Whitman Road,Huntington Station,NY,11746,(631)-760-0160
516 Smith Haven Mall,Lake Grove,NY,11755,(631)-982-2500
1900 Northern Boulevard,"Manhasset,",NY,11030,(516)-734-2420
8115 Fashion Drive,"Nanuet,",NY,10954,(845)-215-6980
767 Fifth Avenue,New York,NY,10153,(212)-336-1440
45 Grand Central Terminal,New York,NY,10017,(212)-284-1800
103 Prince Street,New York,NY,10012,(212)-226-3126
940 Madison Avenue,New York,NY,10021,(646)-343-2700
1981 Broadway,New York,NY,10023,(212)-209-3400
401 W 14th Street,New York,NY,10014,(212)-444-3400
185 Greenwich Street,New York,NY,10007,(646)-802-3800
2655 Richmond Avenue,Staten Island,NY,10314,(718)-568-2230
1 Destiny USA Drive,"Syracuse,",NY,13204,(315)-233-5920
7979 Pittsford-Victor Road,"Victor,",NY,14564,(585)-421-6070
125 Westchester Avenue,White Plains,NY,10601,(914)-539-4530
143 Market Street,"Yonkers,",NY,10710,(914)-620-0965
6801 Northlake Mall Drive,"Charlotte,",NC,28216,(704)-972-0980
4400 Sharon Road,"Charlotte,",NC,28211,(704)-972-3280
8030 Renaissance Parkway,"Durham,",NC,27713,(919)-474-6940
3320 West Friendly Avenue,"Greensboro,",NC,27410,(336)-291-0486
4325 Glenwood Avenue,"Raleigh,",NC,27612,(919)-334-3400
3265 West Market Street,"Akron,",OH,44333,(330)-865-6280
4422 Cedar Park Drive,"Beavercreek,",OH,45440,(937)-431-4200
7875 Montgomery Road,"Cincinnati,",OH,45236,(513)-826-3620
4210 The Strand,"Columbus,",OH,43219,(614)-934-2810
1500 Polaris Parkway,"Columbus,",OH,43240,(614)-987-1430
5001 Monroe Street,"Toledo,",OH,43623,(419)-473-4250
267 Crocker Park Boulevard,"Westlake,",OH,44145,(440)-788-2800
28849 Chagrin Boulevard,"Woodmere,",OH,44122,(216)-535-4560
1901 NW Expressway Street,Oklahoma City,OK,73118,(405)-767-6600
7021 S. Memorial Drive,"Tulsa,",OK,74133,(918)-249-7800
450 SW Yamhill Street,"Portland,",OR,97204,(503)-265-2010
7293 SW Bridgeport Road,"Tigard,",OR,97224,(503)-670-8400
9585 SW Washington Square Road,"Tigard,",OR,97223,(503)-495-2080
61 St. James Place,"Ardmore,",PA,19003,(610)-726-9400
160 N. Gulph Road,King of Prussia,PA,19406,(484)-636-5090
541 Park City Center,"Lancaster,",PA,17601,(717)-295-8800
1607 Walnut Street,"Philadelphia,",PA,19103,(215)-861-6400
1000 Ross Park Mall Drive,"Pittsburgh,",PA,15237,(412)-318-0656
5508 Walnut Street,"Pittsburgh,",PA,15232,(412)-316-2460
301 South Hills Village,"Pittsburgh,",PA,15241,(412)-308-1970
250 Lehigh Valley Mall,"Whitehall,",PA,18052,(610)-266-4860
2500 West Moreland Road,Willow Grove,PA,19090,(215)-346-8160
20 Providence Place,"Providence,",RI,02903,(401)-533-9400
301 King Street,"Charleston,",SC,29401,(843)-727-0400
700 Haywood Road,"Greenville,",SC,29607,(864)-987-7580
1800 Galleria Boulevard,"Franklin,",TN,37067,(615)-435-0620
2031 West Street,"Germantown,",TN,38138,(901)-751-6980
7600 Kingston Pike,"Knoxville,",TN,37919,(865)-824-2507
2126 Abbott Martin Road,"Nashville,",TN,37215,(615)-514-2430
2901 S. Capital of Texas Hwy,"Austin,",TX,78746,(512)-634-0520
3121 Palm Way,"Austin,",TX,78758,(512)-691-4800
13350 Dallas Parkway,"Dallas,",TX,75240,(972)-942-7210
3101 Knox Street,"Dallas,",TX,75205,(214)-520-8532
8687 North Central Expressway,"Dallas,",TX,75225,(214)-765-0820
8401 Gateway Boulevard West,El Paso,TX,79925,(915)-774-8020
1620 S. University Drive,Fort Worth,TX,76107,(817)-840-9801
500 Baybrook Mall,"Friendswood,",TX,77546,(281)-204-0500
4012 Westheimer Road,"Houston,",TX,77027,(832)-325-3500
5085 Westheimer Road,"Houston,",TX,77056,(713)-353-5471
303 Memorial City,"Houston,",TX,77024,(713)-986-2476
2000 Willowbrook Drive,"Houston,",TX,77070,(281)-571-4400
15900 La Cantera Parkway,San Antonio,TX,78256,(210)-276-2302
7400 San Pedro Avenue,San Antonio,TX,78216,(210)-321-4420
260 Grand Avenue,"Southlake,",TX,76092,(817)-722-1401
16535 Southwest Freeway,Sugar Land,TX,77479,(281)-269-3410
1201 Lake Woodlands Drive,The Woodlands,TX,77380,(281)-203-6870
148 N. East Promontory,"Farmington,",UT,84025,(801)-218-9501
6191 S State Street,"Murray,",UT,84107,(801)-905-4410
50 South Main Street,Salt Lake City,UT,84101,(801)-456-9400
2700 Clarendon Boulevard,"Arlington,",VA,22201,(703)-236-7970
1100 South Hayes Street,"Arlington,",VA,22202,(703)-236-1550
11750 Fair Oaks,"Fairfax,",VA,22033,(703)-251-7400
1961 Chain Bridge Road,"McLean,",VA,22102,(703)-336-8450
300 Monticello Avenue,"Norfolk,",VA,23510,(757)-628-8400
11937 Market Street,"Reston,",VA,20190,(571)-449-4800
11800 W. Broad Street,"Richmond,",VA,23233,(804)-420-3000
701 Lynnhaven Parkway,Virginia Beach,VA,23452,(757)-306-2480
15100 Potomac Town Place,"Woodbridge,",VA,22191,(703)-986-2030
213 Bellevue Square,"Bellevue,",WA,98004,(425)-519-0080
3000 184th Street S.W.,"Lynnwood,",WA,98037,(425)-921-1560
2651 NE 49th St,"Seattle,",WA,98105,(206)-892-0433
710 West Main Avenue,"Spokane,",WA,99201,(509)-458-8080
4502 S Steele Street,"Tacoma,",WA,98409,(253)-620-1454
801 Southcenter Mall,"Tukwila,",WA,98188,(206)-288-4400
5715 N Centerpark Way,"Glendale,",WI,53217,(414)-977-3410
702 North Midvale Boulevard,"Madison,",WI,53705,(608)-827-9840
2500 N. Mayfair Road,"Wauwatosa,",WI,53226,(414)-290-9780
